[
  {
    "icon": "fa fa-home",
    "slug": "external",
    "title": "Volver al inicio",
    "path": "index.html"
  }, 
  { 
    "id": 1,
    "icon": "fa fa-play-circle",
    "slug": "introduccion",
    "title": "Introducción",
    "breadcrumb": ["Inicio","Introducción"],
    "path": "pages/introduccion.html"  
  }, 
  { 
    "id": 1,
    "icon": "fa fa-play-circle",
    "slug": "Conceptualizacion_economia_circular_y_relacion_con_los_ecosistemas",
    "title": "1. Conceptualización de la economía circular y su relación con los ecosistemas.",
    "breadcrumb": ["Inicio","Introducción"],
    "path": "pages/1-tema.html",    
    "submenu": [
      {
        "icon": "fa fa-file-text",
        "slug": "Conceptualizacion_economia_circular_y_relacion_con_los_ecosistemas",
        "title": "1.1 Circularidad de los ciclos naturales.",
        "anchor": "11"
      },   
      {
        "icon": "fa fa-file-text",
        "slug": "Conceptualizacion_economia_circular_y_relacion_con_los_ecosistemas",
        "title": "1.2 Desarrollo sostenible: su visión actual y futura.",
        "anchor": "12"
      },
      {
        "icon": "fa fa-file-text",
        "slug": "Conceptualizacion_economia_circular_y_relacion_con_los_ecosistemas",
        "title": "1.3 Teoría general de sistemas. ",
        "anchor": "13"
      },   
      {
        "icon": "fa fa-file-text",
        "slug": "Conceptualizacion_economia_circular_y_relacion_con_los_ecosistemas",
        "title": "1.4 Modelos de pensamiento de la economía circular.",
        "anchor": "14"
      },   
      {
        "icon": "fa fa-file-text",
        "slug": "Conceptualizacion_economia_circular_y_relacion_con_los_ecosistemas",
        "title": "1.5 Estrategia Nacional de Economía Circular (ENEC",
        "anchor": "15"
      }        
    ]   
  },
  { 
    "id": 1,
    "icon": "fa fa-file-text",
    "slug": "Sistemas_productivos_lineal_circular",
    "title": "2. Sistemas productivos de lo lineal a lo circular.",
    "breadcrumb": ["Inicio","Introducción"],
    "path": "pages/2-tema.html",    
    "submenu": [
      {
        "icon": "fa fa-file-text",
        "slug": "Sistemas_productivos_lineal_circular",
        "title": "2.1 Sistema productivo",
        "anchor": "21"
      },   
      {
        "icon": "fa fa-file-text",
        "slug": "Sistemas_productivos_lineal_circular",
        "title": "2.2 Análisis de ciclo de vida del producto y de los materiales",
        "anchor": "22"
      },
      {
        "icon": "fa fa-file-text",
        "slug": "Sistemas_productivos_lineal_circular",
        "title": "2.3 Etapas en el ciclo de vida",
        "anchor": "23"
      },   
      {
        "icon": "fa fa-file-text",
        "slug": "Sistemas_productivos_lineal_circular",
        "title": "2.4 Las 9R de la economía circular",
        "anchor": "24"
      },
      {
        "icon": "fa fa-file-text",
        "slug": "Sistemas_productivos_lineal_circular",
        "title": "2.5 Logística en el marco de la economía circular",
        "anchor": "25"
      }    
    ]   
  }
]